Participante,Dialogo
Francisco Luciano Concheiro Borquez,Les informo que de conformidad con lo que establece el art’culo 52 de la Ley General de Educaci—n Superior respecto al nśmero de integrantes en este consejo estamos reunidos 89 integrantes por lo que contamos con el qu—rum legal para la instalaci—n de la decimoprimera sesi—n ordinaria del Consejo Nacional para la coordinaci—n de la educaci—n superior.
Francisco Luciano Concheiro Borquez,Los integrantes del Consejo Nacional para la coordinaci—n de la educaci—n superior CONACES aprueban la instalaci—n de su DŽcima Primera Sesi—n Ordinaria.
Francisco Luciano Concheiro Borquez,"Si les parece bien como hemos hecho en estas reuniones h’bridas, vamos a funcionar preguntando por el no tan agradable eh proceso de por la negativa, pero es m‡s m‡s eh r‡pido y entonces quienes estŽn por la negativa favor de manifestarlo. No habiendo abstenciones ni votos en contra, damos por aprobada la instalaci—n de la dŽcima primera sesi—n ordinaria del Consejo Nacional para la coordinaci—n de la educaci—n superior."
Francisco Luciano Concheiro Borquez,"Como siguiente punto del orden del d’a est‡ la aprobaci—n del orden del d’a mismo. Como segundo punto les comento que la propuesta les fue remitida en la convocatoria correspondiente en funci—n de lo anterior les consulto eh si se puede aprobar esta propuesta de orden del d’a de la presente reuni—n. De no haberlo, El acuerdo es el siguiente. El acuerdo S.O.CONACES.11ˇ.1. Los integrantes del Consejo Nacional para la Coordinaci—n de la Educaci—n Superior (CONACES) aprueban la instalaci—n de su DŽcimo Primera Sesi—n Ordinaria. El CONACES aprueba en todos y cada uno de sus puntos, el orden del d’a de la dŽcima primera sesi—n ordinaria. queda aprobado por unanimidad."
Francisco Luciano Concheiro Borquez,"continuamos con los siguientes, que es eh un mensaje que quiero transmitirles con mucho cari–o y adem‡s, estando pendiente la maestra Leticia Ram’rez Amaya, pero como vamos a tener una reuni—n del CONAEDU la pr—xima semana, entonces reserva todos los elementos para trazarlos en el CONAEDU, para no adelantar elementos que va a haber con  las secretarias y secretarios de educaci—n de los estados, entonces va vamos a tener la informaci—n la pr—xima semana."
Francisco Luciano Concheiro Borquez,"En el caso nuestro, como adelantamos el CONACEs eh la secretar’a plantea vamos a estar en la primera parte, en realidad exponiendo varios elementos que repetir algunas cuestiones de aqu’, pero las menos sobre todo vamos a eh presentar toda la estrategia de la no violencia en general las instituciones de educaci—n del conjunto del pa’s, en particular de educaci—n superior,"
Francisco Luciano Concheiro Borquez,"Ya entrando en materia y en complemento eh a lo que les acabo de decir, acabamos eh como pudieron darse cuenta de recibir en la convocatoria de la reuni—n, es una orden del d’a m‡s o menos vasta, pero que podemos eh digamos eh sacar adelante en tŽrminos bastante ‡giles, en las cuales se dar‡ seguimiento a diversos temas que constituyen mandatos de la propia Ley General de la Educaci—n Superior y donde abordamos eh distintos asuntos de este Consejo Nacional eh trabajando intensamente eh durante todas estas semanas y trataremos de apegarlos entonces lo m‡s que se pueda a los tiempos para desahogar los conforme."
Francisco Luciano Concheiro Borquez,En este tenor daremos un breve esbozo de lo que se abordar‡ en esta sesi—n. cada punto podamos comentar lo propio y tengamos un intercambio.
Francisco Luciano Concheiro Borquez,"El primero, como en cada sesi—n tendremos un informe de avances del programa de trabajo de esta instancia colegiada, creo que nos ha resultado bien porque as’ no vamos dejando atr‡s ningśn elemento que incluye cuatro temas, por lo que hace al primero en la presentaci—n correspondiente al programa nacional de educaci—n superior 2023-2024, fue publicado en el diario oficial el pasado 28 de diciembre de 2023 dando cumplimiento al mandato previsto en la Ley General de Educaci—n Superior, eh, permitir‡ orientar el desarrollo de la educaci—n superior."
Francisco Luciano Concheiro Borquez,"Significa el nexo central entre lo que es este CONACES y eh, nuestras instancias de los COEPES y entonces representar’a la uni—n entre una idea de planeaci—n general nacional nacional, pero modificada, enriquecida y ah’ est‡ el punto central desde los copes a nivel estatal. O sea, representa una ruptura con la vieja idea de que la planificaci—n solamente puede ser de arriba hacia abajo, porque aqu’ lo que necesitamos es reconocer la diversidad que somos como pa’s para bien y para mal tambiŽn, o sea, los elementos de rezago y ver c—mo podemos impulsar una perspectiva distinta de la eh planificaci—n."
Francisco Luciano Concheiro Borquez,"Aqu’ se establecen estas metas globales, eh algunas de ellas singularmente estamos acerc‡ndonos al fin de este periodo ya muy fuerte y entonces probablemente haya que modificar eh algunas de las metas para incrementarlas porque era pues est‡ bien, Ŕno? Hay que ser modestos y ver c—mo, pero eh hay que analizarlas en su conjunto porque eh no va a llegarse en el 2030, sino casi vamos a llegar en este a–o a algunas de ellas y a otras no. Entonces hay que hacer un an‡lisis ah’ que nos permita eh tener una perspectiva tambiŽn eh m‡s amplia."
Francisco Luciano Concheiro Borquez,"En relaci—n con el ECOES en tŽrminos de lo previsto por los lineamientos de creaci—n y funcionamiento de esta instancia, podr‡ se pondr‡ a consideraci—n del pleno el mecanismo para integrar la comisi—n coordinadora del del ecoes y se presentar‡ la propuesta de integrantes para la instalaci—n de la primera comisi—n. O sea, en este sentido no vamos a ampliar, ya tuvimos en la sesi—n pasada, si ustedes recuerdan, todo el planteamiento y entonces ahora lo que queremos es ya dar los pasos siguientes para hacer operativa esta instancia de la creaci—n de los de un espacio de los espacios en plural, "
Francisco Luciano Concheiro Borquez,"por lo que hace al SEAES eh de conformidad con el programa de trabajo de esta de este sistema de evaluaci—n y acreditaci—n, el pasado 30 de agosto de 2023, se convoc— a todas las instituciones de educaci—n superior para ver c—mo eh constru’amos este sistema nacional."
Francisco Luciano Concheiro Borquez,Hoy estamos muy conformes y vamos a plantear no solamente la mejora continua con base al marco general y en anexo tŽcnico eh que nos ayudaron a formular eh todo un reporte de autoevaluaci—n institucional. Yo por los contactos que he ido teniendo ha sido muy interesante c—mo ha sido ya percibida la esta etapa central de la autoevaluaci—n.
Francisco Luciano Concheiro Borquez,"Entonces hay aqu’ una retroalimentaci—n muy interesante y estamos por la construcci—n ya de las instancias de pares y eh como lo va a se–alar Mar’a JosŽ Rizo aqu’ eh con ustedes eh se tomar‡ nota de los avances al respecto de la convocatoria de autoevaluaci—n y espec’ficamente el proceso de seguimiento de las instituciones, entrega de los reportes correspondientes, integraci—n del registro de pares que va a ser era una de las dudas que si si no se lograba quŽ tanto podr’amos avanzar, Ŕverdad?"
Francisco Luciano Concheiro Borquez,"en tŽrminos del mismo y entonces en esta instancia, digamos para la evaluaci—n diagn—stica y formativa tambiŽn plantearnos los pasos y en quŽ velocidad vamos realmente. Estamos, perd—n por adelantar la buena noticia, pero estamos muy contentos de lo que hemos logrado. Entonces eh se ha estado tambiŽn informando a nivel de los estados y queremos mostrarles a ustedes lo que puede ser una retroalimentaci—n en ese eh sentido. TambiŽn para que vean c—mo hemos trabajado con los comitŽs de mejora continua de los COEPES y de las instancias equivalentes tambiŽn a los COEPES y quŽ experiencias nos parece que hay que empezar a destacar para desplegar esto como una de nuestras eh digamos tareas centrales, por lo que viene en tŽrminos de tambiŽn de los posgrados, todas esta serie de aspectos."
Francisco Luciano Concheiro Borquez,"Ahora, como punto del informe de los trabajos realizados, se abordar‡ lo relativo al marco nacional de cualificaciones y al sistema nacional de asignaci—n, acumulaci—n y transferencia de crŽditos. Esto es la buena, muy buena noticia es que ya contamos en el diario oficial de la federaci—n con la publicaci—n de este marco, que hay que empezar a criticar, a trabajar con Žl, Ŕs’? como todo marco nacional va a tener todav’a elementos que hay que trabajar intensamente."
Francisco Luciano Concheiro Borquez,"O sea, son estos documentos que solo en la pr‡ctica tendr‡n un sentido y una construcci—n. Quiero decirles que ya para los distintos pa’ses que nos hab’an estado presionando sobre este aspecto, Ŕs’? algunos que ni siquiera lo tienen, pero quer’an que nosotros lo tuviŽramos, est‡ muy bien eso, Ŕno? ah’ ya hemos podido intercambiar este este marco y creemos que va a ser muy importante. No nos vamos a detener en Žl porque tiene que bajar y entonces Ŕcu‡l es la instancia de ejercicio? Los COEPES."
Francisco Luciano Concheiro Borquez,"Entonces en este sentido vamos a tambiŽn a ver algunos detalles de c—mo empezar a operar y c—mo utilizarlo tambiŽn. Sin duda eh y creo que es suficiente con lo que he planteado aqu’ eh si no hay inconveniente cedo la palabra al secretario general de la ANUIES a Luis Armando Gonz‡lez Placencia como parte del secretariado tŽcnico conjunto y por favor eh Luis Armando, si eres tan amable."
Luis Armando Gonz‡lez Placencia,"Muchas gracias Luciano, muy buenos d’as a todas y todos. Siempre es un gusto tenerles ac‡ en la sede de la ANUIES. Bueno, vamos entonces eh para seguir con el desahogo del orden del d’a al punto nśmero cuatro que se refiere a la presentaci—n y en su caso aprobaci—n del acta de la sesi—n anterior, como es costumbre el el acta les fue remitida con anterioridad, eh por lo cual eh pues les solicitamos obviar la lectura de la misma y eh si est‡n de acuerdo, si no hay alguna observaci—n sobre el acta, podr’amos pasar directamente a ver el acuerdo eh que tenemos al respecto, que es el acuerdo S.O.CONACES.11».3"
Luis Armando Gonz‡lez Placencia,"el CONACES aprueba el Acta de su DŽcima Sesi—n Ordinaria. Los que estŽn por la negativa, s’rvanse manifestarlo levantando la mano, por favor. muy bien, entonces lo aprobamos por unanimidad, si les parece bien eh y solicitamos que se registre el acuerdo eh y continuamos. "
Luis Armando Gonz‡lez Placencia,"El punto nśmero cinco se refiere a la presentaci—n y en su caso aprobaci—n del informe de seguimiento de acuerdos del CONACES Como saben, una de las funciones de este secretariado tŽcnico conjunto es dar cuenta a todas y todos del estado que guardan los acuerdos aprobados por este por este consejo. Para dar cumplimiento a la a lo anterior eh se les solicit— a ustedes que tuvieran a bien rendir el informe de avances en los acuerdos que eh corresponden a su ‡mbito de intervenci—n."
Luis Armando Gonz‡lez Placencia,"A partir de ello se integr— entonces el informe de seguimiento que tambiŽn fue incluido en la carpeta que remitimos con anterioridad. Eh lo cual eh nos sugiere obviar la lectura eh y someter tambiŽn a su aprobaci—n dicho informe eh les consulto entonces si es de aprobarse el informe de seguimiento de acuerdos presentados por este secretariado tŽcnico conjunto conforme al ACUERDO S.O.CONACES.11».4 El CONACES aprueba el informe del seguimiento de acuerdos rendido por el Secretariado TŽcnico Conjunto. Quienes estŽn por la negativa, por favor levanten la mano. Abstenciones, si es que hubiera alguna. Y si no entonces podemos considerarlo aprobado por unanimidad y solicitar entonces que se registre el acuerdo eh de modo que podamos continuar con el punto nśmero seis y para ello le devuelvo el micr—fono al subsecretario de Educaci—n Superior."
Francisco Luciano Concheiro Borquez,Muchas gracias. avanzamos en el punto nśmero seis eh que es el informe de avances en el cumplimiento de las acciones previstas en el programa de trabajo 2023-2024 del CONACES. Este a–o inici— con intensos trabajos para la educaci—n superior y se ha dado seguimiento a los temas que con anterioridad se han venido impulsando y desarrollando con motivo del programa de trabajo del CONACES. Por ello en este punto presentamos los avances.
Francisco Luciano Concheiro Borquez,"El primer tema eh que abordaremos es lo correspondiente a la presentaci—n y avance del PRONES 2023-2024, para lo que cedo el uso de la palabra a la coordinaci—n de planeaci—n, evaluaci—n y estad’stica de esta subsecretar’a. Por favor HŽctor Robles, si eres tan amable."
HŽctor Robles,"Buenos d’as a todos y a todas. Lo que les vamos a presentar es precisamente los avances que tenemos en el PRONES, digamos a dos meses de su implementaci—n a partir de su publicaci—n, pero como ustedes podr‡n ver en la presentaci—n los resultados indican, Ŕno? que tiene un trabajo mucho de mucho mayor tiempo, de mucho mayor alcance, Ŕno? desde que la Ley General se public—."
HŽctor Robles,"Es decir, como se puede ver eh el el PRONES es producto, Ŕno? del mandato de la Ley General de Educaci—n publicada el 20 del 4 del 2021. Y nos plante— eh cu‡les ser’an los contenidos que tendr’amos que implementar y los fundamentos, el origen, el diagn—stico, su alineaci—n al plan nacional y fundamentalmente los objetivos a perseguir, las estrategias y las acciones."
HŽctor Robles,"Como un primer elemento a destacar es que de las 24 estrategias tenemos avances en 23 de ellas, con lo cual es un se estamos ate ndiendo el 96%, Ŕno? Y en el caso de las acciones espec’ficas en cada uno de los objetivos tenemos un cumplimiento de avances del 76.5%, Ŕno? Estamos atendiendo 114 eh acciones de las 149 a la que nos hab’amos comprometido. Y hay en dos de los objetivos en donde los avances no tienen este alcance del 76%. "
HŽctor Robles,"Esto es todo lo que nos mandata la ley, todos los eh digamos las instancias, estructuras de coordinaci—n, de planeaci—n, de acci—n, Ŕno? Y todo est‡ en proceso, que eso habla bien de, Ŕno? de que estamos entre todos avanzando en estos procesos, Ŕno?"
HŽctor Robles,"Y este es el caso del objetivo nśmero uno. Dividimos todos en ellos lo que estamos atendiendo o donde tenemos avances y quŽ es lo que nos falta de estos avances, Ŕno? Y como se puede ver en el caso de las estrategias del objetivo uno que tiene que ver con la inclusi—n, con la equidad, Ŕno? con la cobertura, Ŕno? y hacer efectivo el derecho humano a la educaci—n superior, en las estrategias estamos atendiendo todas y el 90% de las acciones puntuales, Ŕno? Se est‡ trabajando en ampliar la oportunidad de acceso a la educaci—n, en la implementaci—n de acciones para garantizar el acceso, se consolida el RENOES como un instrumento para orientar el ingreso a educaci—n superior. Se impulsa el sistema nacional de becas para la educaci—n superior, con prioridad en las y los estudiantes en condici—n de vulnerabilidad socioecon—mica."
HŽctor Robles,"Donde eh tenemos que atender y estas son de las cosas que estamos poniendo a la consideraci—n de ustedes es que necesitamos consolidar el desarrollo del Sistema Nacional de Becas para la Educaci—n Superior, promover la continuidad de las modalidades de becas federales. Promover la participaci—n de las instituciones particulares de educaci—n superior para incrementar el porcentaje de becas a favor de las y los estudiantes de nuevo ingreso, en condiciones de vulnerabilidad socioecon—mica. Esas son las acciones que tendr’amos que estar atendiendo en estos pr—ximos meses, Ŕno? para lograr tener avances en esa materia."
HŽctor Robles,"En este objetivo es donde eh tenemos un avance menor, Ŕno? en tŽrminos de las estrategias estamos atendiendo todas, pero solamente el 68% de las acciones puntuales de atenci—n, Ŕno? Como se puede ver se avanz—, Ŕno? en todo lo que es la actualizaci—n de las disposiciones jur’dicas y normativas para fortalecer la integraci—n del Sistema Nacional de Educaci—n Superior, se sentaron las bases para facilitar la movilidad de las y los estudiantes y personal acadŽmico, la internacionalizaci—n solidaria y continuamos con la consolidaci—n del (SIIES), Ŕno?"
HŽctor Robles,"tenemos 10 acciones que tendr’amos que estar estableciendo o por atender, que tiene que ver con consolidar la institucionalizaci—n de la vinculaci—n de las instituciones de educaci—n superior, Ŕno? con los sectores pśblico, social y privado, realizar gestiones suficientes para lograr reformas que permitan a las pśblicas el ejercicio directo de los recursos, promover con el apoyo de la DGAIR y las autoridades educativas estatales, la actualizaci—n del marco normativo que regula la educaci—n superior que imparten las particulares, impulsar una mayor participaci—n de las instituciones de los tres subsistemas en los procesos de planeaci—n del sistema nacional y sistemas locales de educaci—n superior, impulsar la organizaci—n del CONES como espacio de di‡logo y establecimiento de compromisos de los diversos actores relevantes de la educaci—n superior, impulsar y apoyar la celebraci—n de convenios y acuerdos para el desarrollo articulado y armonioso del (SNES), acordar mecanismos de coordinaci—n entre la SEP y el CONACYT para mejorar la articulaci—n de las pol’ticas y los programas e impulsar acciones de vinculaci—n del SNFS con los sistemas locales educaci—n superior y con los tipos y niveles de educaci—n b‡sica y la media superior, promover el establecimiento de becas y mecanismos de apoyo para la movilidad y transici—n interinstitucional, as’ como para la continuidad de estudios, entre la educaci—n superior universitaria, tecnolog’a y educaci—n normal. Impulsar con el apoyo del CONACYT, el establecimiento y fortalecimiento de posgrados interinstitucionales, en ‡reas y temas prioritarios para el desarrollo del pa’s. Estos son los elementos del objetivo dos que tendr’amos que estar atendiendo, Ŕno? para tener un avance mayor."
HŽctor Robles,"En el caso del objetivo tres que tiene eh digamos es de los m‡s amplios, Ŕno? tiene varias actividades o varias eh por eso lo agrupamos en cuatro grandes acciones, la regularizaci—n del personal acadŽmico, la pr‡ctica del deporte y el impulso, Ŕno? y este tambiŽn ah’ tenemos un buen avance, Ŕno? Estamos en el caso de las acciones el el 89% cubierto de las acciones y estamos atendiendo las distintas de las seis estrategias, Ŕno? que se propusieron en el en el PRONES, Ŕno?"
HŽctor Robles,"Como se puede ver aqu’ est‡n, Ŕno? este la las otras dos acciones que donde las agrupamos, la regularizaci—n del personal acadŽmico y las pr‡cticas del deporte y el impulso de las ciencias y las humanidades y el desarrollo tecnol—gico y nos pasamos a la siguiente para ver precisamente cu‡les son los pendientes por atender, Ŕno?"
HŽctor Robles,"En este objetivo tres eh elaborar propuestas de reformas basadas en criterios de igualdad de gŽnero, Žtica, lingź’stica y cultural, para el reconocimiento y fortalecimiento del personal acadŽmico y la carrera docente. Fortalecer en la estructura program‡tica del PEF la formaci—n y fortalecimiento del personal acadŽmico. Promover la colaboraci—n interinstitucional de las IES de los subsistemas tecnol—gico y universitario con las del Subsistema de Escuelas Normales e instituciones de Formaci—n Docente. Impulsar el establecimiento de programas sostenibles de retiro voluntario del personal acadŽmico con el fin de consolidar el proceso de renovaci—n generacional en las IES pśblicas. Impulsar acuerdos entre las autoridades educativas federales, estatales y las IES pśblicas, para dise–ar esquemas de colaboraci—n que permitan apoyar el mejoramiento de las instalaciones deportivas."
HŽctor Robles,"En el objetivo tres este Ŕno? estas son parte de las estrategias prioritarias en procesos, 11 de 12. Pr‡cticamente estamos el casi al 100% tambiŽn en este objetivo cuatro, Ŕno? Lo cual eh nos habla bien digamos tanto en las estrategias como en las acciones puntuales que hemos impulsado, Ŕno? Y ya hay informes importantes de que en 15 estados reportan haber instalado una instancia de vinculaci—n, consulta y participaci—n y en 12 m‡s se encontraban en proceso de instalaci—n. ya el 100% de las IES del Subsistema Tecnol—gico cuentan con consejos de vinculaci—n, se desarrollaron los Marcos Generales de Emprendimiento Asociativo y Educaci—n Dual para la educaci—n superior."
HŽctor Robles,"Se llev— a cabo el Encuentro Nacional de Nodos de Impulso a la Econom’a Social y Solidaria (NODESS), en colaboraci—n con el INAES. Se crearon 400 NODESS en m‡s de 300 IES ubicadas en las 32 entidades federativas. Cuatro ediciones de los foros de vinculaci—n, con el objetivo de promover la participaci—n de los sectores pśblico, social y privado, en la pertinencia de la oferta acadŽmica de las IES."
HŽctor Robles,"En este caso eh es importante impulsar el reconocimiento y la validez oficial de los estudios de las IES, con sustento social y comunitario, as’ como el acceso de sus estudiantes a programas de becas que otorga el Gobierno Federal."
HŽctor Robles,"En el caso del objetivo nśmero cinco, Ŕno? este promover una nueva pol’tica de financiamiento que garantice el cumplimiento de los fines de la educaci—n superior, as’ como su obligatoriedad y gratuidad, tenemos cuatro de cinco estrategias prioritarias en proceso y 14 de 27 acciones. Es donde tenemos los avances eh menores, Ŕno? 51.8% de las acciones atendidas, tiene que ver mucho con cuestiones presupuestales que no dependen necesariamente de todos nosotros, pero que eh tendr’amos que estar viendo el c—mo atenderlos y ya se est‡ operando el SES en el programa presupuestario U079, no m‡s como indicaci—n en esta nueva convocatoria, recibimos 311 proyectos, Ŕno? de los cuales 279 que son en el en el concepto de obligatoriedad y 32 en el de gratuidad y de los 279 de obligatoriedad 223 son los que cumplieron con todos los requisitos, Ŕno? Y son los que en este momento se est‡n evaluando para eh ver, Ŕno? cu‡les de todos ellos van a ser al final de cuentas apoyados, Ŕno?  se fomentaron nuevos esquemas para la asignaci—n de los recursos financieros humanos bajo la vertiente de eficiencia y eficacia, para la mantenci—n de los presupuestos crecientes, con el fin de dar cumplimiento gradual al mandato de destinar recursos pśblicos para educaci—n superior equivalentes al uno por ciento del PIB."
HŽctor Robles,"Esos son los temas que estar’amos eh atendiendo, Ŕno? Eh aqu’ est‡n otros de los temas que que nos falta por definir. Definir criterios e indicadores de equidad y suficiencia para la asignaci—n del presupuesto federal a los diversos tipos de instituciones de los tres subsistemas de educaci—n superior, con enfoque territorial y Žnfasis en comunidades ind’genas y afromexicanas. Promover el mejoramiento de los instrumentos de financiamiento de las funciones sustantivas de las IES pśblicas, as’ como su diversificaci—n. Incorporar como eje transversal en la elaboraci—n de todos los planes y programas de educaci—n superior la eficiencia y transparencia en la asignaci—n y ejercicio de los recursos destinados a las funciones sustantivas de las IES pśblicas. Impulsar el acceso abierto de la informaci—n financiera de educaci—n superior por medio del Sistema de Informaci—n Integrado de la Educaci—n Superior. Establecer mesas de di‡logo con los —rganos e instancias fiscalizadoras para mejorar los procesos de auditor’a y fiscalizaci—n, de los ingresos autogenerados, ingresos y gastos financiados con aportaciones, subsidios o participaciones federales. Como se puede ver el avance es Ŕno? significativo en todos los objetivos, unos m‡s, unos menos, pero nos habla de que estamos avanzando y estamos proponiendo los pasos a seguir a su consideraci—n, Ŕno? Que son eh para este este cierre, Ŕno?"
HŽctor Robles,"instrumentar una estrategia de difusi—n importante para al interior de sus propias entidades, entidades federativas para seguir fortaleciendo que es el PRONES como se est‡ aplicando, quŽ se est‡ llevando, Ŕno? Y se ha conocido m‡s ampliamente, Ŕno? Al armonizar los planes la planeaci—n a nivel tanto estatal como nacional, Ŕno? para que haya congruencia entre lo que estamos planteando tanto a nivel federal como a nivel estatal y esto se puede construir en conjunto eh determinar los avances en el cumplimiento de las acciones identificadas, aquellos que nos faltan por implementar y establecer c—mo se van a atender, especialmente lo que tiene que ver con el objetivo dos y el quinto, que es donde tenemos eh los menores avances, Ŕno? Y replantear algunas de las acciones de acuerdo con la situaci—n actual de la educaci—n superior en cada sistema estatal de educaci—n superior. Esas son los pasos a seguir que estamos proponiendo, Ŕno? Muchas gracias por su atenci—n."
Francisco Luciano Concheiro Borquez,entonces aqu’ podr’amos abrir para algunos comentarios si quieren ustedes
Participaci—n del Foro,"s’, bueno. Gracias. Bien, en relaci—n a la participaci—n que nos acaba de comentar eh espec’ficamente en el objetivo prioritario en donde se–ala el programa nacional, en este programa nacional de educaci—n superior eh el dar prioridad en este caso a la mejora continua integral de la educaci—n superior y la revalorizaci—n del personal acadŽmico y la pr‡ctica del deporte."
Participaci—n del Foro,"En este sentido, bueno, este en mi caso como directivo de una instituci—n deportiva eh pues eh solicitar precisamente la el que las instituciones de educaci—n superior eh puedan cumplir precisamente con con las el recurso para instalaciones deportivas y eh la contrataci—n de personal que atiende esa ‡rea y atender la estrategia prioritaria 3.6 que indica el impulsar el derecho constitucional a la cultura f’sica y la pr‡ctica deportiva en espec’fico."
Participaci—n del Foro,"En nuestro caso en la regi—n sureste eh no pudimos participar en los juegos Conde porque no se dieron, como en a–os anteriores, los recursos econ—micos para el hospedaje, la alimentaci—n y el traslado de los deportistas. Entonces, en esa situaci—n est‡ la petici—n eh para atender esa parte. Muchas gracias."
Francisco Luciano Concheiro Borquez,"Como van a ser muy espec’ficas, quiero decirles que atenderemos este punto que se ha ido rezagando y que es fundamental, Ŕno?, sobre el tema de Conde, pero debemos ver toda una estrategia m‡s precisa; es demasiado general como viene planteado."
Francisco Luciano Concheiro Borquez,"estado aqu’, entonces eh estaba yo comentando directamente que ANUIES y CONACES podemos eh entrarle eh con fuerza a este punto para no seguir nada m‡s eh pasando, Ŕs’? la cuesti—n para adelante porque no es correcto y eh hay que entrarle, Ŕno? para todas las instituciones que se dedican espec’ficamente a esto, pero que tienen sobre todo una gran proyecci—n, Ŕs’? en el conjunto eh por ejemplo, vamos a tener los juegos de las universidades tecnol—gicas y politŽcnicas en conjunto, o sea, toda una serie de elementos que va a ser muy importante eh difundirlos aqu’"
Eduardo Romero,"Muchas gracias y primero que nada, muy buenos d’as. Eh por parte de la Federaci—n de instituciones mexicanas particulares de educaci—n superior, la FIMPES, eh Eduardo Romero para dar un par de comentarios sobre el PRONES."
Eduardo Romero,"Lo primero es celebrar que se haya emitido nos parecen muy importantes los avances aqu’ presentados. La verdad es que en tan poco tiempo sorprende eh ver estos avances y la verdad es que los celebramos y y nos parecen muy meritorios. vemos un involucramiento importante de las instituciones de educaci—n superior particulares en el Pronaes, lo cual nos da mucho gusto."
Eduardo Romero,"Particularmente vemos eh nuestra participaci—n eh con beneficios importantes al sistema educativo en su conjunto como es en programas de nivelaci—n acadŽmica y tutor’a para nuevos ingresos, en el incremento de becas a estudiantes en vulnerabilidad econ—mica de primer ingreso y por supuesto en este en apoyar el renoes con mayores oportunidades y con informaci—n actualizada."
Eduardo Romero,"TambiŽn apreciamos eh puntos que tienen la capacidad de traducirse en apoyos a todas las instituciones de educaci—n superior, como es compartir pr‡cticas y promover la movilidad internacional de estudiantes y acadŽmicos y participar en acciones de cooperaci—n e intercambio acadŽmico, cient’fico, tecnol—gico, estudiantil y cultural a nivel internacional eh y con impulso. Y adem‡s tambiŽn vemos un empoderamiento o as’ lo sentimos y lo agradecemos agradecemos enormemente eh a las IES particulares, al integrarnos en procesos colegiados como parte del proceso de planeaci—n de la educaci—n superior en el CONACyT y en las COPES. Entonces es algo que nos que que que nos da mucho gusto"
Eduardo Romero,"y al mismo tiempo tambiŽn vemos que esto nos puede representar una oportunidad importante para actualizar eh algunas normas eh que de hecho acaban de ser objeto de alguna modificaci—n reciente como es el caso del acuerdo 17 11 17 en el que como hemos comentado en otras ocasiones desde la FIMPES, vemos eh una oportunidad de aplicar normas de simplificaci—n administrativa del reconocimiento a la gesti—n institucional y a la excelencia educativa."
Eduardo Romero,"Entonces en ese sentido s’ quisiera destacar que eh vimos que en d’as recientes se public— una una modificaci—n al acuerdo 17 11 17 mediante el acuerdo eh 02 02 24 el pasado 28 de febrero, el cual modifica el el calendario para ingresar eh las solicitudes de REVOE. Eh y entendemos perfectamente que el que la modificaci—n de que hab’a sido objeto previamente eh atend’a las necesidades que nos puso la pandemia. Eh sin embargo, con estas nuevas necesidades que vemos solicitar nuevos recursos, particularmente en temas como los de salud eh que estamos eh necesitando en las particulares muchos recursos eh de este a nivel federal. quisiŽramos solicitar los buenos oficios de este secretariado conjunto y por supuesto del del subsecretario Luciano Concheiro para eh abrir la posibilidad de buscar oportunidades de simplificaci—n administrativa, de agilizaci—n de de los recursos eh dado que tendremos un calendario m‡s reducido."
Francisco Luciano Concheiro Borquez,"aceptamos y con y con gusto tambiŽn, Ŕno? ah’ entrarle porque nos interesa a todos y en lo de salud este no hay aqu’ nadie que se salve de los graves problemas, Ŕno? para los salud seguimos atorados y lo reconozco porque no hemos logrado destrabar eh digamos una decisi—n que pudo tener un buen origen que fue centralizar los recursos de en salud, pero que eh se convirti— en un cuello de botella eh que hoy hay que resolver porque lo que queremos es tambiŽn transformar el sistema de salud, entonces estamos en ello tambiŽn. ŔAlguna otra intervenci—n?"
Mar’a Luisa Flores,"S’, muy buenos d’as a todos. Mar’a Luisa Flores, tambiŽn de Alpes Alianza para la Educaci—n Superior. Eh me sumo, me sumo muy claramente a lo que tś dices, se–or subsecretario y a lo que dice tambiŽn Fimpes, es es un dolor de cabeza, pero es una preocupaci—n muy grande, porque hay instituciones que por a–os y no estoy hablando de cinco, estoy hablando de m‡s de 25 o 30 que en el caso del interior de la Repśblica, al no contar con este revuelve federal, est‡n a punto de cerrar, porque en en en situaci—n de alguna universidad que puede tener diferentes profesiones que ofertar. Hay otras escuelas que son muy especializadas y que manejan claramente puntos espec’ficos de salud en todas las teor’as, puede ser psicol—gicas, incluso o psicoan‡lisis y no hemos podido destrabar eso y yo entendiendo perfectamente lo del acuerdo 171117 que acaba de salir porque antes de la pandemia ya ten’amos ese tema y esos meses para poder ingresar los documentos. Pero lo que no entendemos es c—mo le vamos a hacer para poder eh eh acomodar los temas que que vienen entre la instancia de la OTA que te dan con unas fechas y con con una asignaci—n de de de tiempo m‡s poder ingresar y poder conjuntar esos ese tema para poder ingresar a DEGAIR y adem‡s poder controlar tambiŽn toda la periodicidad que tenemos en todos los tr‡mites de protecci—n civil y toda la regulaci—n que internamente todas las instituciones tienen localmente. Entonces es es dif’cil porque si vence la OTA, entonces ya no entra DEGAIR y si entra DEGAIR quiz‡ ya no tenemos el e lo de protecci—n civil eh actualizado eh y entonces eh lo śnico que est‡ ocasionando y provocando quiz‡ porque ya ha habido algśn ejemplo en que la escuela pues ya no tiene alumnos. Ya sac— todo"
Mar’a Luisa Flores,"todas las generaciones que estaban en estos a–os eh en curso, pero no ha podido ingresar nuevos alumnos y eso es eso es tremendo se–or subsecretario y bueno lo lo comento muy claro porque es una inquietud que tenemos desde hace mucho tiempo donde debi— haber habido una una regulaci—n muy clara si la escuela contaba con determinados a–os con determinado tiempo no hab’a sido ni siquiera este sancionada hab’a cursado perfectamente todo su periodo de este de trabajo eh debi— haber habido algśn tipo de de regulaci—n o algśn pase directo vamos śnicamente a actualizar lo que era la OTA o lo que era el reboe de salud"
Mar’a Luisa Flores,para que estas instituciones puedan seguir trabajando y eh y y por lo dem‡s pues por supuesto siempre lo he dicho lo vuelvo a reiterar eh hemos tenido subsecretario para mucho y lo queremos para m‡s hemos trabajado desde el momento en que sali— la Ley General de Educaci—n superior los conases se instalaron inmediatamente el CONACES los este todo toda la parte estatal y ojal‡ podamos continuar trabajando de esta manera eh puntualmente cada tres meses y bueno pues tambiŽn con el hospicio de ANUIES que nos ha nos ha tenido tambiŽn aqu’ mucho tiempo muchas gracias muchas gracias
Francisco Luciano Concheiro Borquez,voy a a si son tan amables de conectar a la doctora Salvatori s’ un poco para comentar esto Ŕno? en este ‡nimo estamos en un punto que es el eh digamos el que nos da cobertura y pero salieron cuestiones espec’ficas que es muy importante entonces si pueden conectarnos a Mari Carmen Salvatori si son tan amables
Mari Carmen Salvatori,muchas gracias subsecretario con el gusto de saludarlos a todos por esta v’a Zoom eh he estado muy pendiente de esta reuni—n y todas las propuestas que aqu’ se han presentado por supuesto que estamos atentos en estos temas tan importantes y lo que nos preocupa y ocupa a travŽs de CIFRUS y que desde la Ley General de Educaci—n Superior del 20 de abril de 2021 que nos eh manda a que todas las instituciones de educaci—n superior que tengan eh temas de salud tienen que migrar ahora a la federaci—n hemos dado todas las facilidades saben las instituciones que en lo personal y con todo mi equipo hemos dado las audiencias necesarias hemos tenido reuniones con los estados les hemos dado toda la informaci—n que requieren para que sepan que tienen que eh actualizar sus eh REVOES de salud con el apoyo y en diferentes reuniones que tenemos con cifrhs para que cuenten con estos reboyes de salud eh este nuevo acuerdo que acaba de ser publicado que efectivamente se eh ponen ahora tres meses para que ingresen sus solicitudes da la facilidad que en el mes de noviembre porque es marzo todo el mes de marzo todo el mes de junio y todo el mes de noviembre lo hicimos as’ de tal forma que en noviembre por alguna situaci—n que tengan una OTA favorable puedan obtener su REVOE en caso de cumplir con todos los requisitos
Mari Carmen Salvatori,"aqu’ lo preocupante subsecretario y se los digo a todas las instituciones de educaci—n superior es que desde el 20 de abril del 2021 que nos manda que tienen que emigrar a la muchas instituciones no han ni siquiera solicitado su OTA ni han solicitado su eh reboe del tema de salud entonces aqu’ respetuosamente les exhorto a que lo hagan muchas instituciones ya lo hicieron ya cuentan con su OTA federal ya cuentan con su REVOE en tema de salud actualizado por la federaci—n y nosotros estamos para servirles para darles toda la orientaci—n como ya les comentŽ hemos dado diferentes reuniones tanto f’sicamente como a travŽs de Zoom a travŽs de comunicados con toda la informaci—n que requieren para que sepan que es lo que deben hacer. Yo eh lo digo sinceramente, no es eh una responsabilidad absoluta de la Secretar’a de Educaci—n Pśblica, aqu’ es una responsabilidad compartida que insisto, exhorto a las instituciones a que no se queden los alumnos sin protecci—n."
Mari Carmen Salvatori,"Lo primero que tenemos que hacer es salvaguardar los derechos de los alumnos y nosotros estamos en la mejor disposici—n de hacerlo. Pero si nosotros, insisto, contabilizamos desde el 2021, 22, 23 y 24, estamos pr—ximamente en el mes de abril de cumplir tres a–os que han tenido las instituciones para hacer estas solicitudes y el porcentaje es m’nimo de quien ha solicitado su eh eh OTA y su eh pase directamente a la federaci—n."
Mari Carmen Salvatori,"SŽ que es complicado, pero no es imposible, estamos abiertos eh quien necesite informaci—n se los hemos hecho llegar y cuenten con todo el apoyo necesario con todas las reuniones que requieran. Yo estoy en la mejor disposici—n, lo sabe Mar’a Luisa de Alpes que hemos tenido diferentes reuniones este con FIMPES, con ALPES, con todas las instituciones que requieran todo el apoyo, para eso estamos, pero no depende de nosotros si la instituci—n particular no solicita su OTA y a la vez su revalidaci—n."
Mari Carmen Salvatori,"Es importante tambiŽn destacar que anteriormente, desde la administraci—n anterior, contaban con tres meses. ŔQuŽ fue lo que hicimos para facilitar a las instituciones de educaci—n superior particular ampliarlo a siete meses en pandemia cuando muchas otras dependencias eh eh de todo tipo cerraron totalmente?  Nuestra decisi—n fue dejar abiertos siete meses para darle esa facilidad a las instituciones particulares de educaci—n superior que tuvieran m‡s meses para ingresar sus solicitudes. En el 2020 ya est‡bamos en un nivel de rezago casi del 0%."
Mari Carmen Salvatori,"Hab’amos logrado ya no tener ningśn rezago y lo que hicimos ante la terrible situaci—n de pandemia fue abrirlo a estos siete meses. ŔQuŽ m‡s hicimos? Eliminar el tipo de solicitud que lo ten’an que hacer a travŽs de citas. Dijimos nada de citas, aqu’ directamente llegan y hacen su solicitud."
Mari Carmen Salvatori,"Otro tema importante que es muy muy eh facilitador para todas las instituciones de educaci—n superior es el tema del Sisrevoe, una plataforma que permiteque las instituciones de educaci—n superior particulares puedan ingresar directamente a su solicitud.Entonces, si tenemos un nśmero importante de solicitudes, no tenemos atrasado porque ya hab’amos en el 2023.Hay instituciones que en el periodo est‡n sus solicitudes y estamos ya en el periodo 2023. Yo apelo a la comprensi—n porque tenemos actualmente casi 5000 solicitudes."
Mari Carmen Salvatori,"Entonces yo lo que quiero es darles un mejor servicio, un servicio de calidad, pero tambiŽn apelo a que migren ya sus solicitudes porque me dicen no podemos atender a los alumnos pero ni siquiera tenemos sus solicitudes. Una prioridad es atender las solicitudes que ya tienen nota. Entonces si ya cuentan con una nota favorable por parte de, de est‡ muy pendiente de revisar su solicitud de re y otorgarles el REVOE, siempre y cuando obviamente cumplan con todos los requisitos."
Mari Carmen Salvatori,"No sŽ si con esta breve explicaci—n les quede un poquito m‡s claro, pero lo śnico que quiero dejar patente es que tienen todo el apoyo, la apertura y el donde servicio que creo que quer’a de darles la mejor atenci—n a cada una de las instituciones de educaci—n superior porque eso es lo que debemos hacer. Much’simas gracias, subsecretario, por darme la oportunidad."
Francisco Luciano Concheiro Borquez,"Gracias, eh, Mari Carmen. Como este punto es general, bueno, recogemos este planteamiento y para seguirlo trabajando, esto no, no, no, ah’ no, no quiere decir nada de cierre de algo y por ah’ lo, lo vamos eh tambiŽn en en tŽrminos de deporte tambiŽn ya recibimos aqu’ inmediatamente un reporte de cu‡l era la situaci—n."
Participaci—n del Foro ,"No, en general en la Esco, Ŕno?, que que me parece bastante pertinente en el tema espec’fico, pero creo que tambiŽn es importante agregar otro tema que y pues yo creo que ah’ la participaci—n del ALPES y el INFIPES es bien importante porque tiene que ver con el respeto de la matr’cula que se les otorga a las instituciones particulares para el registro de los estudiantes. Entonces tambiŽn sucede y yo creo que eso es algo que ustedes con lo que ustedes pueden coadyuvar directamente y que tal vez podamos abordar tambiŽn en esta reuni—n que ya est‡ programada del ESCOPES el 8 de abril."
Participaci—n del Foro ,"Este que tiene que ver con que nos apoyen para eh hacer conciencia con las instituciones particulares de la problem‡tica que se genere en el tema de servicio social y campos cl’nicos, derivado de que eh exceden las cuotas de matr’cula que fueron autorizadas para las instituciones. Entonces yo creo que ese es otro tema que nada m‡s quiero agregar en este en esta discusi—n que se est‡ desarrollando y en ese sentido creo que s’ ser’a importante ser posible que pudiera participar el CIFRUS y los compa–eros de la DEGAIR e incluso de la DEGP, como para poder terminar de redondear este tema. nada m‡s ser’a esa mi intervenci—n."
Francisco Luciano Concheiro Borquez,"Entonces en ese espacio me parece muy bien, gracias por tu intervenci—n, en ese espacio eh le daremos tambiŽn continuidad y tomaremos este este punto si les parece bien. me permiten el acuerdo S.O.CONACES.11ˇ.5 el CONACES toma nota que ese es el car‡cter no no es resolutivo o de otro tipo de la presentaci—n de los avances en la implementaci—n del PRONES y acuerda que las autoridades educativas que lo integran, instrumenten una estrategia de difusi—n al interior de sus entidades federativas y sus instituciones de educaci—n superior, as’ como para armonizar los procesos de planeaci—n a nivel estatal con el PRONES y, en su caso, replantear las acciones a que haya lugar de acuerdo con la situaci—n actual de la educaci—n superior en cada sistema estatal de educaci—n superior."
Francisco Luciano Concheiro Borquez,"Entonces eh los que estŽn por la negativa. Bien, entonces queda aprobado."
Francisco Luciano Concheiro Borquez,Entonces el siguiente tema es relativo a la presentaci—n y aprobaci—n del mecanismo para la integraci—n de la comisi—n para la operaci—n de ECOES.
Francisco Luciano Concheiro Borquez,"el conaces aprueba el mecanismo de eh integraci—n de la comisi—n coordinadora del ecoes, la propuesta de primeros integrantes para la primera comisi—n que fue aqu’ dada a conocer la vez pasada, as’ como que su coordinadora convoque a la brevedad a su instalaci—n. ŔS’? Entonces en este sentido eh nada m‡s es dar el siguiente paso para no retrasar la construcci—n de esta instancia que tiene que ver con algunos aspectos ya mencionados aqu’, como son la movilidad, movilidad internacional, movilidad a nivel nacional y que tanto nos preocupa ir encontrando algunos mecanismos extra, sobre todo de c—mo estamos eh planteando eh las cosas."
Francisco Luciano Concheiro Borquez,"Entonces quienes estŽn por la negativa, abstenciones. Bien, queda aprobado, que se registre tambiŽn este acuerdo."
Francisco Luciano Concheiro Borquez,"Pasamos al siguiente tema relativo al sistema de evaluaci—n y acreditaci—n de la educaci—n superior, SEAES para lo cual le cedo la palabra a la maestra Mar’a JosŽ Rizi, directora del SEAES. Adelante Mar’a JosŽ, si eres tan amable."
Mar’a JosŽ Rhi Sausi Garavito,"como ya mencion— en las palabras introductorias el doctor Concheiro, se trata eh simplemente de actualizarles informaci—n acerca de una convocatoria y una invitaci—n. La convocatoria fue la de eh autoevaluaci—n institucional que les traigo ahora la los datos m‡s recientes y tambiŽn eh hablarles, contarles m‡s a fondo sobre la invitaci—n para que los sistemas estatales participen en la evaluaci—n de su propio sistema, una vez aprovechados los insumos de estos reportes de autoevaluaci—n institucional."
Mar’a JosŽ Rhi Sausi Garavito,"Aqu’ es simplemente para recordar que este fue el calendario de la convocatoria publicada el 30 de agosto del a–o pasado, eh cerramos la fecha de de recepci—n de los reportes institucionales el pasado 2 de febrero y a partir de ese momento pues nos hemos dado a a la tarea de conformar gracias al apoyo de todas las instituciones de educaci—n superior, los equipos de pares que a los que tambiŽn se les ha dado eh un acompa–amiento importante a travŽs de talleres y ahora mismo voy a ello."
Mar’a JosŽ Rhi Sausi Garavito,"esto ya lo informamos en una sesi—n anterior, recibimos 596 oficios de participaci—n en la convocatoria de autoevaluaci—n publicada en agosto pasado. Esta es la composici—n por subsistema, por tipo y por entidad, sta imagen la, la pudieron ver ustedes en la śltima sesi—n de CONACES del 2023,"
Mar’a JosŽ Rhi Sausi Garavito,"van a haber un cambio en ya finalmente los expedientes recibidos. Esto pues lo entendemos perfectamente porque cada instituci—n eh atraviesa por periodos distintos, por contextos tambiŽn distintos y muchas veces complejos y tambiŽn porque es la primera vez que nos enfrentamos y eso quiere decir todos a una convocatoria de este tipo que exige un trabajo distinto, al que pod’an eh conllevar evaluaciones externas o acreditaciones en el pasado"
Mar’a JosŽ Rhi Sausi Garavito,"Esto se trata realmente de una autorreflexi—n de los 481 expedientes recibidos, tenemos El de ese total, pues aqu’ ya es exactamente lo lo mismo que vieron en la diapositiva anterior."
Mar’a JosŽ Rhi Sausi Garavito,"Bien, del an‡lisis eh preliminar de la informaci—n recibida tenemos este el reporte eh se conforma por varios elementos. Entonces lo que pueden ver ustedes aqu’ y es el desglose de los componentes de un reporte de autoevaluaci—n institucional de acuerdo al marco general del SEAES y estos eh son los nśmeros, si se fijan pues bueno, eh hay los reportes de autoevaluaci—n que son cuatrocientos cuarenta y seis y luego va disminuyendo. Esto es importante no perderlo de vista porque estar’amos considerando, digamos que son informes de autoevaluaci—n de distinta naturaleza y nivel de satisfacci—n con lo requerido en la convocatoria, Ŕno? simplemente es c—mo se desglosa en tŽrminos de sus compo nentes y cu‡ntos de ellos est‡n realmente integrados en su totalidad conforme al marco."
Mar’a JosŽ Rhi Sausi Garavito,"Este es por tipo, los informes institucionales que recibimos en tiempo, cincuenta de particulares y cuatrocientos siete de instituciones de educaci—n superior pśblicas. Por subsistema, esta es la composici—n, aqu’ el maestro Ram—n JimŽnez habr‡ que tenemos una participaci—n sśper entusiasta y comprometida del Tecnol—gico Nacional que se refleja muy claramente aqu’ en la composici—n por subsistema, adem‡s de que por supuesto tenemos y contamos tambiŽn con la plena disposici—n y el apoyo de las universidades tecnol—gicas y politŽcnicas. Ciento cinco pertenecen a universidades pśblicas y tenemos cuarenta y nueve del subsistema normal y de formaci—n docente, tambiŽn ah’ con una participaci—n importante de las unidades de la pedag—gica nacional y normales tambiŽn de los estados."
Mar’a JosŽ Rhi Sausi Garavito,"Por entidad federativa, tenemos ah’ la composici—n, no hago menciones expl’citas, porque ustedes lo est‡n viendo ah’ en pantalla, luego obviamente es interesante ver de estos nśmeros cu‡l es el desglose por subsistema, por entidad, Ŕno? Y bueno, a partir de este, nosotros lo consideramos un resultado satisfactorio, insisto por ser la primera vez que se hace este esfuerzo nacional para convocar a una autorreflexi—n de las instituciones."
Mar’a JosŽ Rhi Sausi Garavito,"entonces a la evaluaci—n de los sistemas estatales que justamente como est‡ en respeto y restrictivo a la soberan’a de las entidades federativas, se anuncia y as’ es una invitaci—n de atenci—n plenamente voluntaria, Ŕno? Aqu’ nada m‡s recordar los planteamientos que sobre esta invitaci—n ya estaban establecidos y claramente se–alados desde la publicaci—n del marco general en el apartado 3.3.2. Entonces, en donde se enfatizan los componentes o elementos que tendr’an que formar parte sustancial de este an‡lisis de los sistemas estatales, el contexto, los objetivos estratŽgicos y programas, los procesos de seguimiento que la propia entidad federativa tenga o estŽ poniendo en marcha y por supuesto una reflexi—n sobre los logros, resultados e impactos de esta pol’tica pśblica estatal en educaci—n superior."
Mar’a JosŽ Rhi Sausi Garavito,"Bueno, aqu’ lo que les comentaba que es una invitaci—n y no una convocatoria y bueno, esta invitaci—n la lanzamos el 6 de febrero de este a–o, hace muy poquito, hace exactamente un mes y la acompa–amos de una gu’a en donde se pod’a tambiŽn leer, se puede leer con mucha claridad, especificaciones tŽcnicas, tambiŽn claramente establecido el periodo para la integraci—n de estos documentos y tambiŽn algunas orientaciones un poco m‡s puntuales sobre los componentes de este reporte de sistemas estatales."
Mar’a JosŽ Rhi Sausi Garavito,"Este es el calendario que se anexa a la invitaci—n que fue enviada el 6 de febrero, entonces cerramos ya el periodo de recepci—n de oficios de participaci—n con un resultado que nos llena de gusto, de entusiasmo, de mucho impulso para seguir adelante con este ciclo de integraci—n de la de mejora continua integral eh desde lo planteado en la Ley General de Educaci—n Superior."
Mar’a JosŽ Rhi Sausi Garavito,"aqu’ algunos detalles sobre los aspectos tŽcnicos, tambiŽn tendremos talleres presenciales con apoyo eh de las regiones de de ANUIES y con las instituciones de educaci—n superior que fueron sumamente generosas en ofrecernos sus sedes para albergar estos talleres que ser‡n a lo largo de abril y mayo y estar‡n eh dedicados espec’ficamente concentrados en trabajar con los comitŽs de mejora continua integral que ya se instalaron en las COEPES, pues para ir acompa–ando este proceso."
Mar’a JosŽ Rhi Sausi Garavito,"El 28 de la 28 de las 32 entidades federativas, es decir, el 87%, lo subrayo, este lo subrayo muy contenta de las entidades federativas, pues eh nos dan este voto de confianza, as’ lo interpreto yo no no este no hago m‡s alusiones justamente porque no es el momento en tŽrminos de tiempos electorales, pero bueno, les agradezco much’simo de verdad este voto de confianza y bueno, pues cuatro entidades federativas que en pleno derecho dijeron este no es eh nuestro momento para participar. Todav’a no hab’a eh terminado la la presentaci—n, pero s’ tengo que detenerme aqu’ por alguna raz—n lo hago."
Mar’a JosŽ Rhi Sausi Garavito,"Okay. Este bien, adelante, por favor, ya casi termino. Estos son eh las estas son las entidades eh las ustedes las tienen en la carpeta, podemos pasar r‡pidamente porque lo śltimo que quisiera es que se interpretara como que nos interesa algśn tipo de exhibici—n de quien no particip—, insisto, est‡n en pleno derecho. Gracias."
Mar’a JosŽ Rhi Sausi Garavito,"Y bueno, sobre los comitŽs de mejora continua integral que ser‡n la pieza clave de esta invitaci—n para evaluar los sistemas estatales, pues eh recoger lo que est‡ establecido tanto en la Ley General de Educaci—n Superior como en la pol’tica nacional de evaluaci—n y acreditaci—n de la educaci—n superior y en los lineamientos del SEAES en espec’fico en el decimosexto ya eh pues est‡bamos se–alando con toda la claridad de la que fuimos capaces eh las tareas y funciones de estos comitŽs de mejora continua."
Mar’a JosŽ Rhi Sausi Garavito,"la comisi—n consultora tambiŽn juega un papel muy importante porque recordar‡n que entre sus eh componentes entre sus integrantes hay un representante de cada uno de estos comitŽs. Entonces toda esta estructura de participaci—n ha permitido esto que que que llamŽ tal vez muy a la ligera voto de confianza, en realidad se ha construido por todas y y todos. tenemos aqu’ tambiŽn y ah’ ven la plena correspondencia con los oficios de participaci—n en la evaluaci—n de sistemas estatales, 28 comitŽs de mejora continua integral ya instalados y cuatro en los que estamos en muy buena eh y continua comunicaci—n con dichas entidades para que tambiŽn eh muy pronto tengan posibilidad de participar en estos procesos. Y bueno, pues ah’ est‡ mi correo por si tuvieran alguna duda, propuesta, etcŽtera. Les agradezco mucho."
Francisco Luciano Concheiro Borquez,"Much’simas gracias, Mar’a JosŽ. Eh por los tiempos eh aqu’ como adem‡s es un informe de los avances eh procederŽ a recoger los acuerdos, Ŕno? Eh son dos porque fueron dos temas en uno, Ŕno? Ah’ eh el acuerdo O. punto CONACES.11ˇ.7, el CONACES toma nota de la informaci—n sobre la convocatoria de autoevaluaci—n institucional 2023."
Francisco Luciano Concheiro Borquez,Tomamos nota nada m‡s de esta informaci—n porque corresponder‡ el siguiente paso a los COEPES y a las LESCOEPES en la coordinaci—n general a recoger toda la informaci—n tambiŽn y poder comentarla en tŽrminos espec’ficos.
Francisco Luciano Concheiro Borquez,"Como hab’a dicho yo, eh esto se tiene que ir trasladando una vez echados andar los mecanismos a las instancias correspondientes. Entonces, quienes estŽn en contra de este acuerdo. abstenciones, entonces queda aprobado este acuerdo siete."
Francisco Luciano Concheiro Borquez,"El conaces toma nota de los avances respecto a la evaluaci—n de los sistemas estatales de educaci—n superior y de las entidades federativas participantes en la misma. ya fue subrayada aqu’ la condici—n de voluntaria, Ŕno? O sea, de voluntad de cada entidad federativa de participaci—n. Entonces quienes estŽn en contra, abstenciones, entonces queda aprobado."
Francisco Luciano Concheiro Borquez,"Pasamos al siguiente elemento en este punto, que es el marco nacional de cualificaciones del sistema nacional de asignaci—n, acumulaci—n y transferencia de crŽditos acadŽmicos. en el mismo sentido que planteamos anteriormente, voy a proceder sobre el acuerdo, no sin decirles que en el Diario Oficial de la Federaci—n el primero de febrero de 2024 pueden encontrar precisamente estos lineamientos generales de este marco nacional, s’, y que el pasado primero de marzo fue publicado en el Diario Oficial."
Francisco Luciano Concheiro Borquez,"creo que es muy importante, porque nos permite hacer efectiva la movilidad entre subsistemas y entre y hacia el interior mismo de nuestras instituciones abre la puerta a c—mo ir hacia una flexibilizaci—n la cual cada quien escoja"
Francisco Luciano Concheiro Borquez,"en esa perspectiva depender‡ de cada instituci—n y de su modelo la apertura hacia los dem‡s. Tenemos que contemplar c—mo abrir la, eh, (tŽrmino horrible), portabilidad, es decir, c—mo transferimos nuestros crŽditos, nos vamos de un lugar a otro, c—mo en la pr‡ctica, al aceptar esto e incluirlo en nuestras condiciones con este marco que nos autoriza hacerlo, podemos romper con, y si lo planteo as’, la vieja estructura que ten’amos cada una de nuestras instituciones."
Francisco Luciano Concheiro Borquez,"Esa estructura que puede funcionar muy bien en la perspectiva de algunos y en otras se fue convirtiendo en una camisa de fuerza, y lo digo con toda la sinceridad. Es decir, el tema es que hoy en d’a debemos ir hacia una apertura en tŽrminos de la la construcci—n de las profesiones, cada quien se va, pero adem‡s nos abre hacia afuera y y esto es muy importante, el reconocimiento de las pr‡cticas profesionales, introducirlas bajo nuestro propio reconocimiento, casi todas las instituciones, no conozco ninguna que no lo mencione, tiene la posibilidad de reconocer a otros. DespuŽs tiene reglamentos donde dice y casi lo hace imposible. TambiŽn, pero tiene la atribuci—n una vez constituida de reconocer pr‡cticas profesionales, traducirlas en crŽditos para cada quien y en ese sentido eh tener una perspectiva tambiŽn de apertura hacia una idea que es tambiŽn transformadora que es romper eh con la idea aulica de que solo lo que se aprende en las aulas es educaci—n y lo dem‡s no lo es. Cuando perdonen, no dejamos de aprender a lo largo de la vida, es este concepto, Ŕno? de educaci—n para la vida, pero que lo hagamos en serio"
Francisco Luciano Concheiro Borquez,"Entonces eh en esta eh visi—n si si no les parece mal, podemos entonces leer el acuerdo. S.O.CONACES.11»9, el CONACES toma nota de la publicaci—n de los lineamientos generales del marco nacional de calificaciones y el sistema nacional de asignaci—n, acumulaci—n y transferencia de crŽditos acadŽmicos y acuerda que los temas relativos a la instrumentaci—n de los mismos, sean abordados a travŽs de las comisiones estatales para la planeaci—n de la educaci—n superior o instancias equivalentes, as’ como en el espacio de deliberaci—n de las mismas, el ESCOEPES. Lo anterior, con pleno respeto y subrayamos esto y no es gratis subrayarlo a las autonom’as universitarias, a la diversidad y al federalismo tambiŽn en este pa’s."
Francisco Luciano Concheiro Borquez,"Entonces quienes estŽn por la negativa, por favor de manifestarlo. Abstenciones. Entonces queda aprobado"
Francisco Luciano Concheiro Borquez,"Pasamos al śltimo punto, Ŕno? Eh, y en este punto que era el śnico punto inscrito en lo general y lo pusimos ah’ a prop—sito, es eh un punto que tiene que ver con ciertas estad’sticas que como se termin— despuŽs de nuestra sesi—n anterior, cerrando ya la 911, tenemos al 100% todas todas nuestras instituciones de educaci—n superior entregaron el 100%."
Francisco Luciano Concheiro Borquez,"Estamos en el an‡lisis de las mismas y quisiŽramos nada m‡s r‡pidamente presentar dos o tres eh gr‡ficas que nos parece muy importante para que sean tomadas en cuenta y haremos el mismo ejercicio con las instituciones de educaci—n superior. para mandarlo por entidad federativa a los COEPES, Ŕs’?"
Francisco Luciano Concheiro Borquez,"significa que estamos ya por encima de la educaci—n media superior, Ŕs’? Estamos en 5.452.264 estudiantes, esto es 219.272 m‡s que el a–o anterior, donde b‡sicamente si usted lo ve en donde aparece subrayado en tŽrminos de las particulares, el mayor aporte est‡ dado por las instituciones particulares en MŽxico."
Francisco Luciano Concheiro Borquez,"Entonces este cuadro a nosotros nos parece fundamental porque estar’a habl‡ndonos tambiŽn del cambio en el bono demogr‡fico. Recuerden ustedes que cambi— el bono demogr‡fico, hoy estamos midiendo de otra manera cuando recibimos la informaci—n de CONAPO donde nos dice que hay m‡s j—venes en la edad de 18 a 23 y cercano a esto hay muchos m‡s j—venes, entonces es absolutamente normal que empeza empecemos a tener m‡s estudiantes nosotros, adem‡s porque son promedio cuatro, cinco a–os, Ŕno? tenemos m‡s estudiantes que media superior empieza a declinar abiertamente el bono demogr‡fico en media superior el de superior se extender‡ a 2027. O sea, todo esto porque hay que contemplarlo en general,"
Francisco Luciano Concheiro Borquez,hay una sola entidad Chiapas que sigue creciendo la poblaci—n en b‡sica.
Francisco Luciano Concheiro Borquez,"es la divisi—n entre profesional y posgrado, un poco para que lo tengamos. Todo esto ustedes lo van a tener, entonces lo van a poder hacer sus propios an‡lisis. aqu’ es el tema de la cobertura y hemos hecho una cr’tica a esta visi—n de la cobertura, Ŕno? S’, eh, en el sentido de que hoy baj— porque hay m‡s j—venes en tŽrminos estad’sticos y reales. Entonces, est‡bamos considerando menos cuando hoy tenemos m‡s, se hab’amos hecho una proyecci—n, pero al agolparse en educaci—n superior, tenemos aqu’ una modificaci—n."
Francisco Luciano Concheiro Borquez,"Aqu’ de interŽs que tuvimos el crecimiento m‡s eh grande de los śltimos 20 a–os. Llegando a 2.3 de incremento en el śltimo a–o. Esto es fundamental recuperarlo porque este incremento en la cobertura es interesante, pero efectivamente estamos hablando todav’a de en tŽrminos generales eh todav’a de una diferencia importante con respecto a un c‡lculo de ojo de buen cubero, no hemos encontrado la literatura de quien dijo que era 50% lo mejor."
Francisco Luciano Concheiro Borquez,"Pues por lo menos llegar a la mitad, no sŽ, que alguien nos diga de d—nde sacaron lo del 50%, si alguien lo sabe, verdad se lo vamos a agradecer, no es cotorreo, eh, no no estoy diciendo est‡ mal el 50 o est‡ bien, pero lo tomamos como un dato y sobre Žl bordamos alrededor de lo que deber’a ser nuestro mercado laboral y sus caracter’sticas y eso es lo que se dice, pero un c‡lculo hecho de por quŽ tiene que ser 50% y no 60 o lo que fuera, no lo hemos encontrado, o sea, es de estos cifras que se imponen y despuŽs, Ŕno? se imponen en la realidad tambiŽn y despuŽs son nada m‡s eh referidas Entonces, la que sigue, por favor, es la misma anterior y aqu’ es solo la 911, Ŕs’? en anaranjita sin ninguna alusi—n eh electoral, por favor, y la azulita sin ninguna otra tampoco, 44.4, Ŕs’?"
Francisco Luciano Concheiro Borquez,"Entonces, el incremento de la cobertura en tŽrminos de la matr’cula profesional y esto son otro tipo de comportamientos que tambiŽn est‡n dados en absolutos, Ŕs’? Porque es que es lo que tenemos que aprender a manejar, nuestros relativos eran relativos a un referente, hoy se modificaron. Entonces, en tŽrminos absolutos nos da una idea distinta. "
Francisco Luciano Concheiro Borquez,"Entonces, tenemos un incremento en estos cinco a–os muy importante que eh se plantea eh arriba del medio mill—n, quedando adentro 400 y tantos mil, si ustedes se quieren estudiantes y aqu’ el dato es importante de que es el 75.5, las tres cuartas partes y un poquito, s’, de mujeres en la educaci—n superior."
Francisco Luciano Concheiro Borquez,"Entonces eso es importante porque nos modifica, no hay una sola entidad federativa del pa’s donde no sean mayor’a las mujeres, tanto las profesoras como las estudiantes, Ŕs’? Y esto nos modifica como pol’tica de estado, s’, hay todav’a un rezago hist—rico en el cumplimiento de la presencia de las mujeres porque es la presencia, es la fotograf’a actual, pero perdonen y la y y la anterior donde qued—. O sea, seguimos teniendo una deuda con las mujeres y entonces hoy d’a tenemos esta condici—n."
Francisco Luciano Concheiro Borquez,"la que sigue tambiŽn que es eh importante es la menor tasa de abandono la del a–o pasado, la menor tasa de abandono eh que hemos tenido pues desde 2012 a la fecha que es de 7.2. Y esto es muy importante si lo contemplamos visto en su conjunto, aunque en tŽrminos absolutos ustedes pueden leer tambiŽn porque no hay que hacer la trampa del relativo al revŽs, Ŕno? Sino acabar diciendo y en absoluto de quŽ orden estamos hablando porque somos son personas, no no no son nśmero nada m‡s o un porcentaje, sino efectivamente tenemos ah’ en este momento 274,000, Ŕs’? Porque creci— y entonces en tŽrminos generales, pero hay todav’a una estimaci—n de digamos le pusimos a prop—sito ah’ abandonantes porque para jugar un poco con el castellano, pero para no llamarle desertoras, desertores, que es horrible y todo eso."
Francisco Luciano Concheiro Borquez,"pero en la siguiente tambiŽn, lo mismo que dijimos eh que depend’amos de educaci—n eh digamos de las particulares en el a–o anterior. Aqu’ tenemos un tema para analizar en el conjunto de la educaci—n y es que en tanto en la educaci—n pśblica hay una tasa de abandono del 6.5, si ustedes ven el gr‡fico y al final en tŽrminos eh y un promedio en azulito de 7.2, tenemos una tasa abandono de nueve puntos tambiŽn de las m‡s bajas que ha habido en educaci—n particular. ŔS’? Entonces tenemos que empezar a analizar como un sistema que es lo que estamos haciendo, damos promedios para el sistema, pero tambiŽn el comportamiento que tienen, como en otros a–os hemos dicho eh ahora cay— 80,000 por parte de las particulares o subi— en este momento en la cantidad que subi— tan importante sobre
eso."
Francisco Luciano Concheiro Borquez,"Entonces eh tiene un es significativo el el 6.5 porque es sobre una cantidad mayor en
profesional aproximadamente, redondeando dos tercios sobre un tercio, no es lo mismo,
es es aśn m‡s fuerte la presencia en las eh de esto y aqu’ lo que queremos y quiz‡ con
esa gr‡fica termino"
Francisco Luciano Concheiro Borquez,"imag’nense ustedes ya este a–o porque presentamos en la ma–anera 88.8 como
tasa de absorci—n a nivel nacional. O sea, la capacidad de cada 100 j—venes que
egresaron de media superior el a–o el dato que hab’amos dado al pśblico antes de esta
śltima informaci—n de la 911 era que casi 89 j—venes y j—venes para que quede claro eh
de cada 100 estaban integr‡ndose a educaci—n superior. De nuevo la fotograf’a vale
mucho, pero la pel’cula tiene una gran deuda hacia atr‡s, Ŕno? De acuerdo. Entonces
eh es es relativo a esta felicidad compartida, pero resulta que cuando cerr— la 911
llegamos a 93.3 de cada 100 la capacidad de absorci—n del sistema de educaci—n
superior sin distingos, Ŕs’? o sea, pśblico, privado, etcŽtera, nuestra capacidad se
mostr— en ese sentido."
Francisco Luciano Concheiro Borquez,"Esto refuerza varios de los temas que se fueron diciendo que tenemos una incre’ble
deuda todav’a, Ŕs’? Una incre’ble deuda en tŽrminos financieros con la educaci—n
superior. O sea, esto ha sido hecho con mucho mucho esfuerzo del conjunto, Ŕs’? Y
aqu’ eh queremos cerrar con esto y felicitarlas, felicitarlos, Ŕno? Porque este es un
esfuerzo que no pertenece a nadie. Si lo vemos por estado que tambiŽn lo vamos a hacer hacia los COEPEs, pero no en
este momento permitir’a ver competencias de un tipo del otro y preferimos ah’ s’ puede
malinterpretarse."
Francisco Luciano Concheiro Borquez,"Perdonen, pero era demasiado interesante como para no presentarlo ante esta instancia m‡xima de la coordinaci—n eh de la educaci—n superior a nivel del pa’s y
entonces este si no hubiera algśn otro elemento m‡s"
Participaci—n del Foro ,"gracias realmente nśmeros muy interesantes y creo que este an‡lisis
sobre de d—nde sali— el nśmero m‡gico del 50% es algo que s’ debe de abordarse
porque plantea un referente que en otros pa’ses no se cumple sino que va mucho m‡s
arriba as’ pero con contextos muy diferentes y habr’a que ver quŽ tanto sentido tiene para
nuestro pa’s y trabajar con un nśmero de mayor a realidad o acercamiento a la realidad
de lo que puede ser en nuestro pa’s por el otro lado esta tasa de absorci—n de 93.3% o
esta capacidad de absorci—n de lo que egresa de media superior nos habla de que si
que queremos aumentar la cobertura en funci—n de edad el problema ya est‡ compartido con la media superior ah’ es en donde necesitamos que
haya un impulso serio importante fundamental porque sin ese aporte de los estudiantes
del nivel medio superior pues ya estamos cubriendo lo que dan pero todav’a falta
mucho para que realmente esta etapa de la media superior se convierte en universal y
la otra cosa es que esta absorci—n est‡ muy bonita y yo me supongo que habr‡
instituciones que tienen resultados con los estudiantes en sus primeros periodos en el nivel superior extraordinarios yo hablo por la universidad en la que
trabajo y nos encontramos con que s’ recibimos a todos los que solicitan incorporarse
pero tristemente expulsamos en el segundo y tercer cuatrimestre a un porcentaje que
alcanza hasta el casi 35% porque siendo un problema multifactorial ciertamente s’
abona de una manera preponderante el nivel de reprobaci—n que se tiene con estos
j—venes"
Participaci—n del Foro ,"hay necesidad de trabajar con la media superior, por supuesto, pero hay algo que s’
tiene que abordarse como sistema educativo nacional para que toda la inversi—n que se
ha hecho en estos j—venes desde que entraron al preescolar, 15 a–os despuŽs no se
tire a la basura cuando salen de las instituciones de educaci—n superior porque no est‡n
en condiciones de poder seguir adelante. Seguramente habr‡ instituciones en que los nśmeros sean mucho m‡s alentadores,
pero habremos subsistemas que tenemos problemas serios en este sentido."
Participaci—n del Foro ,"Gracias, gracias doctor. Bueno, simplemente reconocer la verdad que es el material que
nos acaba de eh mostrar es superinteresante para todas las instituciones y creo que es
un elemento muy importante a considerar para ir un poquito m‡s all‡ de estas cifras eh
que tienen que ver con otros datos, lo mencionaba ahorita yo, lo con eh por ejemplo con
esta deserci—n que es tan terrible, yo creo que es eh eh lo m‡s injusto que hay desde el punto de vista de inversi—n como pa’s porque
cuesta lo mismo en tŽrminos reales estar egresando de un grupo salud estar egresando de un grupo de 50 estudiantes a los mismos 50 que a 20 porque se
quedaron en el camino entonces presupuestalmente pues es una especie ah’ como de de falta de optimizaci—n de ese recurso pero tambiŽn es muy importante ver las
causales ver las causales eh que tienen que ver con esta deserci—n con estos
indicadores que son important’simos para todos como la deserci—n como la reprobaci—n y algo que tambiŽn
es muy importante y creo que cae en los coepes es hacer el el an‡lisis de la
empleabilidad"
Participaci—n del Foro ,"de la empleabilidad de los egresados eh anta–o no hace m‡s de 30 40 a–os que
todav’a exist’an carreras en donde el joven eh ingresaba y se dedicaba otra cosa
menos a la carrera en la que se form—."
Participaci—n del Foro ,"Entonces, este, es un dato muy importante, pero yo creo que, ya que corresponde a
cada instituci—n educativa y m‡s a Coes, el poder tener esta tranquilidad de estar
ofertando verdaderamente programas educativos acordes a las necesidades del sector
productivo y que no se conviertan, al final de cuentas, pues hasta en un trauma para
aquellos que estudian una carrera en la que se llevan bastante tiempo y, al final de
cuentas, no logran alcanzar su objetivo de realizarse profesionalmente."
Enrique del Valle,"S’, yo yo quisiera brevemente recuperar una de tus śltimas intervenciones, una frase
que dijiste, subsecretario, que dice: Ňhay una gran deuda de financiamiento con la
educaci—n superiorÓ. Yo esperar’a, esperar’a pedimos a todos que en este śltimo presupuesto de este gobierno se considere mejor lo
ocurrido, Ŕno? Ojal‡ la Secretar’a de Hacienda considere todos los gr‡ficos
presentados y los avances conjuntos de todas las instituciones de educaci—n superior
para que, al menos en el śltimo a–o, se considere mejor lo sucedido en estos śltimos
cinco a–os. Gracias."
Francisco Luciano Concheiro Borquez,"Gracias. ŔAlguien m‡s quiere intervenir, por favor? Si es as’, adelante."
Participaci—n del Foro ,"Gracias. Eh, solo en el contexto de estos importantes datos e indicadores, quiero
destacar el caso espec’fico del subsistema tecnol—gico, espec’ficamente de las
instituciones tecnol—gicas y politŽcnicas. Creo que, de acuerdo con lo establecido en la
Ley General de Educaci—n Superior, se nos ha dado la oportunidad de que, despuŽs de
32 a–os, este subsistema se mueva, se mueva con la oportunidad de abrir nuevas
modalidades educativas que, sin duda, est‡n transformando la realidad del subsistema
tecnol—gico y que hoy estamos encaminados a lograr una articulaci—n, una
armonizaci—n con unaDesde la perspectiva de la actualizaci—n de un nuevo modelo
educativo, de la generaci—n de un nuevo modelo educativo, estamos seguros de que se
traducir‡ en oportunidades para muchos j—venes que aśn no han podido acceder a la
educaci—n superior y reconocemos el trabajo realizado por la Direcci—n General de
Universidades Tecnol—gicas y PolitŽcnicas, que hoy cuenta con m‡s de 192
universidades trabajando intensamente en la actualizaci—n curricular, con la excelente
oportunidad de abrir nuevas modalidades educativas como la virtual y la mixta virtual,
que hist—ricamente, en los 32 a–os de operaci—n del subsistema, hab’an estado
congeladas. Este cambio de paradigma que nos ofrece la Ley General de Educaci—n
Superior, el programa nacional de educaci—n superior, y todo lo realizado a travŽs de
esta comisi—n y los diferentes sistemas, estamos seguros de que seguir‡ contribuyendo
a estos nśmeros. Finalmente, sumaremos esfuerzos y voluntades para que los recursos
econ—micos sigan fluyendo y esta cobertura de educaci—n superior se dŽ con la mejor
calidad. Muchas gracias."
Participaci—n del Foro ,"Gracias.Much’simas gracias de la PolitŽcnica de Chiapas. La verdad es que estas cifras son un aliciente para nosotros, pero tambiŽn es
importante reflexionar sobre lo que nos queda por hacer. Es fundamental, como ya se
dijo, garantizar la educaci—n para todos los mexicanos y mejorar indicadores como la
absorci—n y abatir otros que a veces no nos favorecen, debido a factores
multifactoriales. Sin embargo, en cada estado hay una realidad, con brechas de
diferentes naturalezas, especialmente socioecon—micas y culturales. TambiŽn podemos
hablar de pol’ticas. Sin embargo, creo que es importante que en cada regi—n, en cada estado donde
estamos ubicados, dentro del subsistema que se trate, reflexionemos profundamente
sobre quŽ debemos hacer."
Participaci—n del Foro ,"En el caso del subsistema de universidades politŽcnicas, como mencionaba la rectora,
estamos en un proceso de actualizaci—n. Sin duda, tendremos mejores alternativas y
buscamos que esta pertinencia educativa responda a las expectativas de la sociedad y
de la gente de las regiones, especialmente de los estudiantes de educaci—n media
superior. Sin embargo, hay que realizar una serie de acciones. Aqu’ har’a especial
hincapiŽ en lo mencionado anteriormente: alinear, armonizar y compatibilizar estas
pol’ticas con los presupuestos federales y estatales."
Participaci—n del Foro ,"Porque de esa manera podremos cumplir con estos procesos de hacer compatibles estas pol’ticas con los presupuestos que se destinan a nivel federal y
estatal, porque de esa manera podremos cumplir con estos procesos de la actualizaci—n y estos modelos que se est‡n promoviendo en esta pues en esta
administraci—n de de la subsecretar’a de educaci—n superior."
Francisco Luciano Concheiro Borquez,"Bueno, creo que aqu’ se han dicho cosas important’simas, no las comento m‡s, pero
las recogemos, creo que va a ser fundamental la reuni—n del lescopes y esperemos
poder estar en el mayor nśmero de coes posibles. Realmente todo el equipo de la subsecretar’a de Educaci—n Superior, tambiŽn con la
participaci—n de ANUIES, ustedes van a recibir la informaci—n eh en la pr—xima reuni—n
si nos lo autoriza la secretar’a para distribuir en todas las en todas las eh digamos
secretar’as de educaci—n de las entidades federativas. si nos lo autorizan en el sentido de que no hagamos ruido con respecto a los otros
dos niveles porque hay que mantener esos equilibrios y ah’ y creo que es muy
importante eh manejar estas cifras eh con con es son promedios y es son promedios
nacionales y entonces eso no quiere anular para nada, para nada las diferencias que
tenemos en las entidades o hacia el interior con las entre las entidades, pero hacia el
interior de las propias eh entidades. que se ha hecho aqu’ y y es obra de absolutamente todas y todos, Ŕno?"
Francisco Luciano Concheiro Borquez,"por favor, ayśdenos a que vaya el mayor nśmero y adem‡s este, as’ fue
propuesto, va a ser en medio de el eclipse total en en la en Durango y entonces tiene
este incentivo, entonces tambiŽn est‡n invitados para para ver esto y ah’ vamos a hilar fino sobre los distintos COEPES,
preguntas, todas las relaciones existentes entre unos subsistemas y otros."
Francisco Luciano Concheiro Borquez,"Aqu’ lo que queremos es tener un gran sistema sobre la base de proteger la diversidad. Puede parecer una contradicci—n y no, es clave, si necesitamos los distintos
subsistemas tambiŽn, porque hay elementos particulares, pero necesitamos que sean
permeables entre s’ para poder enriquecernos."
Francisco Luciano Concheiro Borquez,"terminar’a diciŽndoles eh vamos a tener el ma digamos las mayores inversiones a nivel
internacional. ŔSe acuerdan cuando lo empezamos diciendo nos ve’an as’ como y de d—nde tienes
los datos o esto o lo otro? Ahora que trabajamos tan directamente con la eh secretar’a de econom’a tan fuerte eh
les podemos decir eh es para congratularnos como pa’s otra vez en su conjunto, Ŕs’?"
Francisco Luciano Concheiro Borquez,"vamos entr‡ndole por ah’ miren eh
si me permiten les informo que siendo eh habiendo sido desahogados todos los puntos
del orden del d’a siendo las 12 con 57 minutos del d’a 6 de marzo del 2024 declaro
formalmente clausurados los trabajos de la decimoprimera sesi—n ordinaria del Consejo Nacional para la coordinaci—n de la
educaci—n superior much’simas much’simas gracias por su participaci—n. Un fuerte
abrazo el d’a 8 de marzo Ŕno? nuestro 8 de marzo muy pr—ximo no solo es a las
compa–eras sino a esta sociedad que se merece una una vida en paz y una vida
digamos plena en todos los sentidos, libre de toda violencia y eso, un abrazo muy
fuerte."